[{"@type":"mappingTemplate","id":"@1","name":"m_seqgen_custom_Increment_by_value","description":"seqgen with custom increment by value of 100aaa","bundleVersion":"0","templateId":"@3","deployTime":1572647355000,"hasParameters":false,"valid":true,"fixedConnection":true,"hasParametersDeployed":false,"fixedConnectionDeployed":true,"tasks":1,"mappingPreviewFileRecordId":"@2","documentType":"","references":[{"@type":"reference","refObjectId":"@lGzwncPh8O8ixs6FuRbHwl","refType":"connection"},{"@type":"reference","refObjectId":"@2lWmj4xBq9riGAnKou8ngK","refType":"connection"}]}]